{
  "fastica": {
    "snr_lin": 4.8954951514865765,
    "snr_db": 13.795932495542456,
    "delta_snr_db": -0.08711807269077099,
    "sf_linear": 0.9869078299966296,
    "sf_db": -0.11446810755979916,
    "n_excluded": 1
  },
  "infomax": {
    "snr_lin": 4.331744830972573,
    "snr_db": 12.733257316570368,
    "delta_snr_db": -1.1497932516628584,
    "sf_linear": 0.9600878949291887,
    "sf_db": -0.35378011972182827,
    "n_excluded": 2
  },
  "picard": {
    "snr_lin": 4.905630113389607,
    "snr_db": 13.81389598230003,
    "delta_snr_db": -0.06915458593319634,
    "sf_linear": 1.0988068955091588,
    "sf_db": 0.8184275230189221,
    "n_excluded": 1
  },
  "jade": {
    "snr_lin": 4.98477928648678,
    "snr_db": 13.952918672079093,
    "delta_snr_db": 0.06986810384586661,
    "sf_linear": 1.0080217393544344,
    "sf_db": 0.06939796718741646,
    "n_excluded": 1
  },
  "sobi": {
    "snr_lin": 5.062908118995502,
    "snr_db": 14.08800091876062,
    "delta_snr_db": 0.20495035052739397,
    "sf_linear": 1.1277667656330292,
    "sf_db": 1.0443858427332517,
    "n_excluded": 1
  },
  "amuse": {
    "snr_lin": 5.506460139867835,
    "snr_db": 14.817449996052698,
    "delta_snr_db": 0.9343994278194714,
    "sf_linear": 1.15706221882239,
    "sf_db": 1.2671342588052967,
    "n_excluded": 1
  },
  "before": {
    "snr_lin": 4.944843241584354,
    "snr_db": 13.883050568233227
  }
}